{"content":[],"settings":{"template":"default","system_colors":[{"_id":"primary","title":"Primary","color":"#D82148"},{"_id":"secondary","title":"Secondary","color":"#D82148"},{"_id":"text","title":"Text","color":"#151D3B"},{"_id":"accent","title":"Accent","color":"#FFAB36"}],"custom_colors":[{"_id":"fe9106b","title":"Gray300","color":"#C8CBCD"},{"_id":"5e6393c","title":"BG700","color":"#1E274D"},{"_id":"0c8ca7a","title":"BG500","color":"#3F4D87"},{"_id":"915d6c4","title":"Gray100","color":"#F5F5F5"}],"system_typography":[{"_id":"primary","title":"Primary","typography_typography":"custom","typography_font_family":"Barlow Condensed","typography_font_weight":"700","typography_font_size":{"unit":"rem","size":"","sizes":[]},"typography_line_height":{"unit":"em","size":"","sizes":[]}},{"_id":"secondary","title":"Secondary","typography_font_family":"Barlow","typography_font_weight":"500","typography_font_size":{"unit":"rem","size":1.5,"sizes":[]},"typography_line_height":{"unit":"em","size":1,"sizes":[]},"typography_typography":"custom"},{"_id":"text","title":"Text","typography_font_family":"Roboto","typography_font_weight":"400","typography_font_size":{"unit":"rem","size":1.2,"sizes":[]},"typography_line_height":{"unit":"em","size":1.5,"sizes":[]},"typography_typography":"custom"},{"_id":"accent","title":"Accent","typography_font_family":"Barlow","typography_font_weight":"500","typography_font_size":{"unit":"rem","size":0.8,"sizes":[]},"typography_line_height":{"unit":"em","size":1.2,"sizes":[]}}],"custom_typography":[{"_id":"9b97d2c","title":"Button Text","typography_font_family":"Barlow Condensed","typography_font_size":{"unit":"rem","size":1.5,"sizes":[]},"typography_font_weight":"700","typography_line_height":{"unit":"em","size":1.5,"sizes":[]},"typography_letter_spacing":{"unit":"px","size":-1,"sizes":[]},"typography_typography":"custom"}],"default_generic_fonts":"Sans-serif","page_title_selector":".vensica-page-title, h1.entry-title","activeItemIndex":1,"viewport_md":768,"viewport_lg":1025,"body_color":"#77777E","body_typography_font_family":"Barlow","body_typography_font_size":{"unit":"rem","size":4,"sizes":[]},"body_typography_font_weight":"700","body_typography_line_height":{"unit":"em","size":1,"sizes":[]},"link_normal_color":"#2A2A2A","link_hover_color":"#108DAD","h1_color":"#2A2A2A","h2_color":"#2A2A2A","h3_color":"#2A2A2A","h4_color":"#2A2A2A","h5_color":"#2A2A2A","h6_color":"#2A2A2A","__globals__":{"link_normal_color":"","link_hover_color":"globals\/colors?id=secondary","body_typography_typography":"","button_typography_typography":"","button_background_color":"","button_background_color_b":"","button_hover_background_color":"","button_hover_background_color_b":"","button_text_color":"globals\/colors?id=text"},"button_background_gradient_angle":{"unit":"deg","size":"","sizes":[]},"button_box_shadow_box_shadow":{"horizontal":0,"vertical":13,"blur":72,"spread":14,"color":"rgba(196.00000000000003, 197.00000000000003, 198.00000000000003, 0.38)"},"button_background_color_b":"","button_typography_font_family":"Barlow Condensed","button_typography_font_size":{"unit":"rem","size":1.5,"sizes":[]},"button_typography_font_weight":"700","button_typography_line_height":{"unit":"em","size":1.5,"sizes":[]},"button_typography_word_spacing":{"unit":"em","size":"","sizes":[]},"button_hover_background_color_b":"","button_hover_background_gradient_angle":{"unit":"deg","size":"","sizes":[]},"container_width":{"unit":"px","size":1170,"sizes":[]},"space_between_widgets":{"unit":"px","size":25,"sizes":[]},"button_hover_background_color_b_stop":{"unit":"%","size":"","sizes":[]},"hello_footer_copyright_text":"All rights reserved","button_typography_typography":"custom","stretched_section_container":".site-content","body_background_background":"classic","body_background_color":"#1E274D"},"metadata":[]}