{"content":[{"id":"4874c9f7","settings":{"overflow":"hidden","_title":"PlayerBox","padding":{"unit":"px","top":"0","right":"0","bottom":"0","left":"0","isLinked":true},"animation":"none","__dynamic__":{"link":"[elementor-tag id=\"40caff2\" name=\"post-url\" settings=\"%7B%7D\"]"},"html_tag":"a","custom_css":"selector + .e-con-inner{\n    position: relative;\n}\nselector:hover .player-image .elementor-widget-container,\nselector .player-title-wrapper {\n    --e-transform-translateX: -12px;\n}"},"elements":[{"id":"56d9cbb4","settings":{"background_background":"classic","background_color":"#F5F5F5","padding":{"unit":"px","top":"0","right":"0","bottom":"0","left":"0","isLinked":true},"_title":"Container Gray","margin":{"unit":"px","top":"70","right":"0","bottom":"0","left":"0","isLinked":false}},"elements":[{"id":"2118af8c","settings":{"__dynamic__":{"image":"[elementor-tag id=\"\" name=\"post-featured-image\" settings=\"%7B%22fallback%22%3A%7B%22url%22%3A%22%22%2C%22id%22%3A%22%22%2C%22size%22%3A%22%22%7D%7D\"]"},"_margin":{"unit":"px","top":"-70","right":"-55","bottom":"0","left":"55","isLinked":false},"_transform_translate_popover_hover":"transform","_transform_translateX_effect_hover":{"unit":"px","size":-12,"sizes":[]},"_transform_transition_hover":{"unit":"px","size":500,"sizes":[]},"_css_classes":"player-image","_z_index":1,"image":{"id":4577,"url":"https:\/\/power.themeton.com\/vensica\/wp-content\/uploads\/sites\/7\/2023\/03\/placeholder.png"}},"elements":[],"isInner":false,"widgetType":"theme-post-featured-image","elType":"widget"},{"id":"28086de7","settings":{"position":"absolute","_title":"Meta","flex_gap":{"unit":"px","size":0,"sizes":[]},"boxed_width_tablet":{"unit":"%","size":"","sizes":[]},"boxed_width_mobile":{"unit":"%","size":"","sizes":[]},"background_background":"classic","_offset_x":{"unit":"px","size":20,"sizes":[]},"_offset_y":{"unit":"px","size":25,"sizes":[]},"css_classes":"player-title-wrapper","_offset_x_tablet":{"unit":"px","size":5,"sizes":[]},"_offset_y_tablet":{"unit":"px","size":5,"sizes":[]},"_offset_x_mobile":{"unit":"px","size":20,"sizes":[]},"_offset_y_mobile":{"unit":"px","size":25,"sizes":[]}},"elements":[{"id":"4f68f5a1","settings":{"__dynamic__":{"title":"[elementor-tag id=\"\" name=\"post-title\" settings=\"%7B%22before%22%3A%22%22%2C%22after%22%3A%22%22%2C%22fallback%22%3A%22%22%7D\"]"},"title":"Add Your Heading Text Here","typography_typography":"custom","typography_font_family":"Barlow Condensed","typography_font_size":{"unit":"rem","size":1.8,"sizes":[]},"typography_font_size_tablet":{"unit":"rem","size":"","sizes":[]},"typography_font_size_mobile":{"unit":"em","size":"","sizes":[]},"typography_font_weight":"400","typography_text_transform":"uppercase","typography_line_height":{"unit":"em","size":0.8,"sizes":[]},"__globals__":{"title_color":"globals\/colors?id=text"},"_element_width":"initial","_element_custom_width":{"unit":"px","size":120,"sizes":[]},"_title":"Name","header_size":"h2"},"elements":[],"isInner":false,"widgetType":"theme-post-title","elType":"widget"},{"id":"3c19b96f","settings":{"title":"Add Your Heading Text Here","header_size":"h3","typography_typography":"custom","typography_font_family":"Barlow","typography_font_size":{"unit":"rem","size":1.2,"sizes":[]},"typography_font_size_tablet":{"unit":"em","size":"","sizes":[]},"typography_font_size_mobile":{"unit":"em","size":"","sizes":[]},"typography_font_weight":"400","typography_line_height":{"unit":"em","size":2,"sizes":[]},"__dynamic__":{"title":"[elementor-tag id=\"b745908\" name=\"post-custom-field\" settings=\"%7B%22custom_key%22%3A%22wpcm_position%22%7D\"]"},"__globals__":{"title_color":"globals\/colors?id=5e6393c"},"_title":"Position"},"elements":[],"isInner":false,"widgetType":"heading","elType":"widget"},{"id":"7818be18","settings":{"title":"Add Your Heading Text Here","title_color":"#151D3B","typography_typography":"custom","typography_font_family":"Barlow Condensed","typography_font_size":{"unit":"rem","size":5.2,"sizes":[]},"typography_font_size_tablet":{"unit":"rem","size":3.5,"sizes":[]},"typography_font_size_mobile":{"unit":"em","size":4,"sizes":[]},"typography_font_weight":"700","typography_line_height":{"unit":"em","size":0.7,"sizes":[]},"typography_line_height_tablet":{"unit":"custom","size":"","sizes":[]},"typography_line_height_mobile":{"unit":"custom","size":"","sizes":[]},"_title":"Number","__dynamic__":{"title":"[elementor-tag id=\"7f9e451\" name=\"post-custom-field\" settings=\"%7B%22custom_key%22%3A%22wpcm_number%22%7D\"]"}},"elements":[],"isInner":false,"widgetType":"heading","elType":"widget"}],"isInner":false,"elType":"container"}],"isInner":false,"elType":"container"}],"isInner":false,"elType":"container"}],"settings":[],"metadata":[]}