{"content":[{"id":"7470023f","settings":{"flex_direction":"row","flex_gap":{"unit":"px","size":0},"_title":"Header","margin":{"unit":"%","top":"0","right":"0","bottom":"0","left":"0","isLinked":false},"margin_tablet":{"unit":"%","top":"","right":"","bottom":"","left":"","isLinked":true},"margin_mobile":{"unit":"%","top":"","right":"","bottom":"","left":"","isLinked":true},"background_background":"classic","background_color_b":"#108DAD00","__globals__":{"background_color":"","background_color_b":""},"background_image":{"url":"","id":"","size":"","alt":"","source":"library"},"background_position":"top center","background_repeat":"no-repeat","flex_align_items":"center","background_color":"#FFFFFF","flex_justify_content_mobile":"space-between","padding_mobile":{"unit":"px","top":"5","right":"10","bottom":"5","left":"10","isLinked":false}},"elements":[{"id":"5c23e4c0","settings":{"content_width":"full","width":{"unit":"%","size":20,"sizes":[]},"width_tablet":{"unit":"%","size":"","sizes":[]},"width_mobile":{"unit":"%","size":20,"sizes":[]},"boxed_width":{"unit":"%","size":20,"sizes":[]},"boxed_width_tablet":{"unit":"%","size":"","sizes":[]},"boxed_width_mobile":{"unit":"%","size":"","sizes":[]},"padding_mobile":{"unit":"px","top":"0","right":"0","bottom":"0","left":"0","isLinked":true},"_title":"Container Logo"},"elements":[{"id":"43156e20","settings":{"__dynamic__":{"image":"[elementor-tag id=\"\" name=\"site-logo\" settings=\"%7B%7D\"]","link":"[elementor-tag id=\"\" name=\"site-url\" settings=\"%7B%7D\"]"},"_padding":{"unit":"px","top":"4","right":"4","bottom":"4","left":"4","isLinked":true},"_background_background":"classic","_border_radius":{"unit":"%","top":"50","right":"50","bottom":"50","left":"50","isLinked":true},"_border_radius_tablet":{"unit":"%","top":"","right":"","bottom":"","left":"","isLinked":true},"_border_radius_mobile":{"unit":"%","top":"","right":"","bottom":"","left":"","isLinked":true},"__globals__":{"_background_color":"globals\/colors?id=primary"},"width":{"unit":"px","size":56,"sizes":[]},"width_tablet":{"unit":"px","size":"","sizes":[]},"width_mobile":{"unit":"px","size":44,"sizes":[]},"height":{"unit":"px","size":56,"sizes":[]},"_element_width":"initial","_element_custom_width":{"unit":"px","size":64,"sizes":[]},"_flex_align_self":"flex-start","image":{"id":4592,"url":"https:\/\/power.themeton.com\/vensica\/wp-content\/uploads\/sites\/7\/2023\/03\/placeholder-2.png"},"height_mobile":{"unit":"px","size":40,"sizes":[]},"_element_custom_width_mobile":{"unit":"px","size":48,"sizes":[]}},"elements":[],"isInner":false,"widgetType":"theme-site-logo","elType":"widget"}],"isInner":false,"elType":"container"},{"id":"136204e5","settings":{"flex_direction":"row","flex_justify_content":"flex-end","flex_align_items":"center","flex_gap":{"unit":"px","size":40,"sizes":[]},"content_width":"full","width_mobile":{"unit":"%","size":80,"sizes":[]},"boxed_width":{"unit":"%","size":80,"sizes":[]},"boxed_width_tablet":{"unit":"%","size":"","sizes":[]},"boxed_width_mobile":{"unit":"%","size":75,"sizes":[]},"flex_justify_content_tablet":"flex-end","flex_gap_tablet":{"unit":"px","size":15,"sizes":[]},"flex_gap_mobile":{"unit":"px","size":5,"sizes":[]},"_title":"Container Navigation"},"elements":[{"id":"790db88c","settings":{"menu":"main-menu","padding_horizontal_menu_item":{"unit":"px","size":0,"sizes":[]},"menu_space_between":{"unit":"px","size":35,"sizes":[]},"dropdown_typography_typography":"custom","dropdown_typography_font_family":"Barlow Condensed","dropdown_typography_font_size":{"unit":"rem","size":1,"sizes":[]},"dropdown_typography_font_weight":"400","__globals__":{"color_menu_item":"globals\/colors?id=text","background_color_dropdown_item_hover":"","color_dropdown_item_hover":"globals\/colors?id=text","color_menu_item_hover":"globals\/colors?id=primary","pointer_color_menu_item_hover":"globals\/colors?id=primary","color_menu_item_active":"globals\/colors?id=primary","pointer_color_menu_item_active":"globals\/colors?id=primary","color_dropdown_item_active":"globals\/colors?id=primary","toggle_color":"globals\/colors?id=text","dropdown_divider_color":"globals\/colors?id=fe9106b","dropdown_border_color":"globals\/colors?id=fe9106b"},"dropdown_typography_line_height":{"unit":"em","size":1.2,"sizes":[]},"menu_typography_typography":"custom","menu_typography_font_family":"Barlow Condensed","menu_typography_font_size":{"unit":"rem","size":1,"sizes":[]},"menu_typography_font_weight":"600","menu_typography_line_height":{"unit":"em","size":"","sizes":[]},"color_menu_item":"#151D3B","background_color_dropdown_item_hover":"#FFFFFF","menu_typography_text_transform":"uppercase","color_menu_item_hover":"#D82148","color_menu_item_active":"#D82148","pointer_color_menu_item_active":"#D82148","color_dropdown_item_active":"#D82148","background_color_dropdown_item":"#FDFDFD","full_width":"stretch","text_align":"center","toggle_align":"","dropdown_border_border":"solid","dropdown_border_width_mobile":{"unit":"px","top":"1","right":"0","bottom":"1","left":"0","isLinked":false},"padding_horizontal_dropdown_item_mobile":{"unit":"px","size":0,"sizes":[]},"padding_vertical_dropdown_item_mobile":{"unit":"px","size":15,"sizes":[]},"dropdown_divider_border":"solid","dropdown_divider_width":{"unit":"px","size":1,"sizes":[]},"toggle_background_color":"#02010100","_flex_order_tablet":"start","_flex_order_custom_mobile":2,"toggle_size_mobile":{"unit":"px","size":20,"sizes":[]},"menu_id":60,"dropdown_top_distance_mobile":{"unit":"px","size":25,"sizes":[]},"_flex_size_mobile":"shrink","color_dropdown_item_hover":"#151D3B","dropdown_border_color":"#C8CBCD","dropdown_divider_color":"#C8CBCD","toggle_color":"#151D3B"},"elements":[],"isInner":false,"widgetType":"nav-menu","elType":"widget"},{"id":"153a95b4","settings":{"content_width":"full","width":{"unit":"px","size":100,"sizes":[]},"flex_direction":"row","flex_justify_content":"space-between","flex_align_items":"center","flex_gap":{"unit":"px","size":0,"sizes":[]},"padding":{"unit":"px","top":"0","right":"0","bottom":"0","left":"0","isLinked":true},"_flex_size":"none","_title":"Icons","_element_width_widescreen":"initial","width_widescreen":{"size":443.38},"width_tablet":{"unit":"%","size":18,"sizes":[]},"width_mobile":{"unit":"%","size":"","sizes":[]},"boxed_width":{"unit":"px","size":66,"sizes":[]},"hide_mobile":"hidden-mobile"},"elements":[{"id":"4d3cb2f0","settings":{"selected_icon":{"value":"fab fa-youtube","library":"fa-brands"},"size":{"unit":"rem","size":1,"sizes":[]},"size_tablet":{"unit":"rem","size":"","sizes":[]},"size_mobile":{"unit":"rem","size":"","sizes":[]},"__globals__":{"hover_primary_color":"globals\/colors?id=primary","primary_color":"globals\/colors?id=text"},"primary_color":"#151D3B","_element_width":"initial","_element_custom_width":{"unit":"px","size":33,"sizes":[]},"_flex_size":"none"},"elements":[],"isInner":false,"widgetType":"icon","elType":"widget"},{"id":"2f049120","settings":{"selected_icon":{"value":"fas fa-ticket-alt","library":"fa-solid"},"size":{"unit":"rem","size":1,"sizes":[]},"size_tablet":{"unit":"rem","size":"","sizes":[]},"size_mobile":{"unit":"rem","size":"","sizes":[]},"__globals__":{"hover_primary_color":"globals\/colors?id=primary","primary_color":"globals\/colors?id=text"},"primary_color":"#151D3B","_element_width":"initial","_element_custom_width":{"unit":"px","size":33,"sizes":[]},"_flex_size":"none","_transform_rotate_popover":"transform","_transform_rotateZ_effect":{"unit":"px","size":-45,"sizes":[]}},"elements":[],"isInner":false,"widgetType":"icon","elType":"widget"},{"id":"42d69405","settings":{"skin":"full_screen","placeholder":"Search...","button_text":"Search","input_typography_typography":"custom","input_typography_font_family":"Barlow","input_typography_font_size":{"unit":"rem","size":1.2,"sizes":[]},"input_typography_font_weight":"400","input_typography_line_height":{"unit":"em","size":1.5,"sizes":[]},"input_text_color":"#F7F7F7","toggle_color":"#151D3B","toggle_background_color":"#02010100","toggle_icon_size":{"unit":"px","size":44,"sizes":[]},"__globals__":{"overlay_background_color":"globals\/colors?id=5e6393c","toggle_color":"globals\/colors?id=text","toggle_color_hover":"globals\/colors?id=primary"},"_margin":{"unit":"px","top":"0","right":"0","bottom":"0","left":"0","isLinked":true},"_padding":{"unit":"px","top":"0","right":"0","bottom":"0","left":"0","isLinked":true},"_element_custom_width":{"unit":"px","size":"","sizes":[]},"_flex_size":"none","toggle_align":"","_element_width_tablet":"initial","_element_custom_width_tablet":{"unit":"px","size":33,"sizes":[]}},"elements":[],"isInner":false,"widgetType":"search-form","elType":"widget"}],"isInner":false,"elType":"container"},{"id":"106364a7","settings":{"icon":"bag-medium","side_cart_alignment":"end","close_cart_button_alignment":"start","remove_item_button_position":"top","buttons_position":"bottom","automatically_open_cart":"","toggle_button_hover_text_color":"#D82148","toggle_button_hover_icon_color":"#1B264E","toggle_button_border_width":{"unit":"px","size":0,"sizes":[]},"toggle_button_typography_font_family":"Barlow Condensed","toggle_button_typography_font_size":{"unit":"rem","size":"","sizes":[]},"toggle_button_typography_font_weight":"600","toggle_button_typography_line_height":{"unit":"em","size":"","sizes":[]},"toggle_button_padding":{"unit":"px","top":"10","right":"0","bottom":"12","left":"10","isLinked":false},"view_cart_buttons_typography_typography":"custom","view_cart_buttons_typography_font_family":"Barlow Condensed","view_cart_buttons_typography_font_size":{"unit":"rem","size":0.9,"sizes":[]},"view_cart_buttons_typography_font_weight":"600","view_cart_buttons_typography_line_height":{"unit":"em","size":"","sizes":[]},"cart_checkout_button_typography_typography":"custom","cart_checkout_button_typography_font_family":"Barlow Condensed","cart_checkout_button_typography_font_size":{"unit":"rem","size":0.9,"sizes":[]},"cart_checkout_button_typography_font_weight":"600","cart_checkout_button_typography_line_height":{"unit":"em","size":"","sizes":[]},"_border_border":"solid","__globals__":{"toggle_button_text_color":"globals\/colors?id=text","toggle_button_border_color":"","view_cart_button_background_color":"globals\/colors?id=5e6393c","checkout_button_background_color":"globals\/colors?id=5e6393c","toggle_button_icon_color":"globals\/colors?id=text","_border_color":"globals\/colors?id=text","toggle_button_hover_text_color":"globals\/colors?id=primary","toggle_button_hover_icon_color":"","view_cart_button_hover_background":"globals\/colors?id=primary","checkout_button_hover_background":"globals\/colors?id=primary","subtotal_color":"globals\/colors?id=5e6393c","product_title_hover_color":"globals\/colors?id=primary","divider_color":"globals\/colors?id=915d6c4","remove_item_button_color":"globals\/colors?id=5e6393c","remove_item_button_hover_color":"globals\/colors?id=primary","product_variations_color":"","product_price_color":"globals\/colors?id=fe9106b","product_quantity_color":"globals\/colors?id=primary","toggle_button_background_color":"","items_indicator_background_color":"globals\/colors?id=primary"},"toggle_button_typography_typography":"custom","toggle_button_text_color":"#151D3B","toggle_button_icon_color":"#151D3B","view_cart_button_text_color":"#FFFFFF","view_cart_button_background_color":"#1E274D","checkout_button_text_color":"#FFFFFF","checkout_button_background_color":"#1E274D","_padding":{"unit":"px","top":"0","right":"0","bottom":"0","left":"20","isLinked":false},"_border_width":{"unit":"px","top":"0","right":"0","bottom":"0","left":"1","isLinked":false},"_border_color":"#151D3B","view_cart_button_alignment":"end","items_indicator_distance":{"unit":"px","size":10,"sizes":[]},"remove_item_button_size":{"unit":"px","size":17,"sizes":[]},"remove_item_button_color":"#1E274D","remove_item_button_hover_color":"#D82148","subtotal_color":"#1E274D","subtotal_typography_typography":"custom","subtotal_typography_font_family":"Barlow","subtotal_typography_font_size":{"unit":"rem","size":1.5,"sizes":[]},"subtotal_typography_font_size_tablet":{"unit":"rem","size":"","sizes":[]},"subtotal_typography_font_size_mobile":{"unit":"rem","size":"","sizes":[]},"subtotal_alignment":"center","product_title_typography_typography":"custom","product_title_typography_font_family":"Barlow Condensed","product_title_typography_font_size":{"unit":"rem","size":1.2,"sizes":[]},"product_title_typography_font_size_tablet":{"unit":"em","size":"","sizes":[]},"product_title_typography_font_size_mobile":{"unit":"em","size":"","sizes":[]},"product_title_typography_font_weight":"600","product_title_typography_line_height":{"unit":"em","size":1,"sizes":[]},"product_title_typography_line_height_tablet":{"unit":"custom","size":"","sizes":[]},"product_title_typography_line_height_mobile":{"unit":"custom","size":"","sizes":[]},"product_title_hover_color":"#D82148","product_variations_typography_typography":"custom","product_variations_typography_font_family":"Barlow Condensed","product_price_color":"#C8CBCD","product_price_typography_typography":"custom","product_price_typography_font_family":"Barlow Condensed","product_price_typography_font_size":{"unit":"rem","size":"","sizes":[]},"product_price_typography_font_weight":"700","product_price_typography_line_height":{"unit":"em","size":"","sizes":[]},"product_quantity_color":"#D82148","divider_style":"solid","divider_color":"#F5F5F5","divider_width":{"unit":"px","size":1,"sizes":[]},"divider_gap":{"unit":"px","size":15,"sizes":[]},"space_between_buttons":{"unit":"px","size":5,"sizes":[]},"product_buttons_typography_typography":"custom","product_buttons_typography_font_family":"Barlow Condensed","product_buttons_typography_font_size":{"unit":"rem","size":0.9,"sizes":[]},"product_buttons_typography_font_size_tablet":{"unit":"em","size":"","sizes":[]},"product_buttons_typography_font_size_mobile":{"unit":"em","size":"","sizes":[]},"product_buttons_typography_font_weight":"600","product_buttons_typography_text_transform":"uppercase","product_buttons_typography_line_height":{"unit":"em","size":"","sizes":[]},"view_cart_buttons_typography_text_transform":"uppercase","view_cart_button_hover_background":"#D82148","view_cart_button_padding":{"unit":"px","top":"10","right":"10","bottom":"10","left":"10","isLinked":true},"cart_checkout_button_typography_text_transform":"uppercase","checkout_button_hover_background":"#D82148","view_checkout_button_padding":{"unit":"px","top":"10","right":"10","bottom":"10","left":"10","isLinked":true},"cart_empty_message_typography_typography":"custom","cart_empty_message_typography_font_family":"Barlow Condensed","cart_empty_message_typography_font_size":{"unit":"rem","size":"","sizes":[]},"cart_empty_message_typography_font_weight":"700","cart_empty_message_typography_line_height":{"unit":"em","size":"","sizes":[]},"_margin_tablet":{"unit":"px","top":"0","right":"0","bottom":"0","left":"20","isLinked":false},"_padding_tablet":{"unit":"px","top":"0","right":"0","bottom":"0","left":"10","isLinked":false},"_flex_order_tablet":"end","_flex_order_mobile":"custom","_flex_order_custom_mobile":1,"_border_width_mobile":{"unit":"px","top":"0","right":"0","bottom":"0","left":"1","isLinked":false},"_padding_mobile":{"unit":"px","top":"0","right":"0","bottom":"0","left":"10","isLinked":false}},"elements":[],"isInner":false,"widgetType":"woocommerce-menu-cart","elType":"widget"}],"isInner":false,"elType":"container"}],"isInner":false,"elType":"container"},{"id":"20a51124","settings":{"content_width":"full","flex_gap":{"unit":"px","size":0,"sizes":[]},"background_background":"classic","background_color":"#151D3B","background_image":{"url":"","id":"","size":"","alt":"","source":"library"},"background_position":"top center","background_repeat":"no-repeat","background_size":"initial","background_bg_width":{"unit":"px","size":1480,"sizes":[]},"background_overlay_background":"classic","background_overlay_color":"#151D3B","background_overlay_image":{"id":3639,"url":"https:\/\/power.themeton.com\/vensica\/wp-content\/uploads\/sites\/7\/2023\/01\/page-title-lights.png","alt":"","source":"library","size":""},"background_overlay_position":"center center","background_overlay_repeat":"no-repeat","background_overlay_opacity":{"unit":"px","size":0.75,"sizes":[]},"box_shadow_box_shadow":{"horizontal":0,"vertical":15,"blur":72,"spread":15,"color":"rgba(196.00000000000003, 197.00000000000003, 198.00000000000003, 0.38)"},"padding":{"unit":"px","top":"30","right":"15","bottom":"35","left":"15","isLinked":false},"css_classes":"vensica-page-title","__globals__":{"background_color":"","background_overlay_color":"globals\/colors?id=text"},"_title":"Page Title","padding_mobile":{"unit":"px","top":"20","right":"0","bottom":"25","left":"0","isLinked":false}},"elements":[{"id":"523fcc3a","settings":[],"elements":[{"id":"4b78b24a","settings":{"__dynamic__":{"title":"[elementor-tag id=\"\" name=\"page-title\" settings=\"%7B%22include_context%22%3A%22%22%2C%22show_home_title%22%3A%22%22%2C%22before%22%3A%22%22%2C%22after%22%3A%22%22%2C%22fallback%22%3A%22%22%7D\"]"},"title":"Add Your Heading Text Here","title_color":"#FFFFFF","typography_typography":"custom","typography_font_family":"Barlow Condensed","typography_font_size":{"unit":"rem","size":1.8,"sizes":[]},"typography_font_size_tablet":{"unit":"em","size":"","sizes":[]},"typography_font_size_mobile":{"unit":"rem","size":1.4,"sizes":[]},"typography_font_weight":"700","typography_text_transform":"uppercase","typography_line_height":{"unit":"em","size":"","sizes":[]},"_element_custom_width":{"unit":"px","size":"","sizes":[]},"_element_custom_width_tablet":{"unit":"vw","size":"","sizes":[]},"_element_custom_width_mobile":{"unit":"vw","size":"","sizes":[]},"_flex_align_self":"center","_border_border":"solid","_border_width":{"unit":"px","top":"0","right":"0","bottom":"1","left":"0","isLinked":false},"__globals__":{"_border_color":"globals\/colors?id=primary"},"align":"center","_element_width":"auto","link":{"url":"","is_external":"on","nofollow":"","custom_attributes":""}},"elements":[],"isInner":false,"widgetType":"theme-page-title","elType":"widget"}],"isInner":false,"elType":"container"}],"isInner":false,"elType":"container"}],"settings":[],"metadata":[]}