{"content":[{"id":"34d5e1a2","settings":{"content_position":"middle","background_background":"classic","margin":{"unit":"px","top":"","right":0,"bottom":"","left":0,"isLinked":true},"padding":{"unit":"px","top":"40","right":"0","bottom":"40","left":"0","isLinked":false},"padding_tablet":{"unit":"px","top":"30","right":"20","bottom":"30","left":"20","isLinked":false},"padding_mobile":{"unit":"px","top":"25","right":"20","bottom":"25","left":"20","isLinked":false},"html_tag":"footer","flex_direction":"column","flex_align_items":"stretch","flex_gap":{"size":40,"unit":"px"},"flex_gap_mobile":{"unit":"px","size":10,"sizes":[]},"_title":"Footer","__globals__":{"background_color":"globals\/colors?id=text"}},"elements":[{"id":"3caaa2df","settings":{"content_position":"middle","structure":"20","flex_direction":"row","flex_align_items":"center","flex_gap":{"size":0,"unit":"px"},"content_width":"full","flex_justify_content":"space-between","flex_gap_mobile":{"unit":"px","size":20,"sizes":[]},"padding":{"unit":"px","top":"0","right":"0","bottom":"0","left":"0","isLinked":true},"hide_mobile":"hidden-mobile","_title":"Partners"},"elements":[{"id":"703e89a5","settings":{"_column_size":50,"width":{"size":null,"unit":"%"},"content_width":"full","flex_direction":"row","flex_direction_mobile":"column","flex_justify_content":"center","flex_align_items":"center","padding":{"unit":"px","top":"0","right":"0","bottom":"0","left":"0","isLinked":true},"flex_gap":{"unit":"px","size":10,"sizes":[]},"flex_wrap":"wrap","flex_align_content":"space-around","margin":{"unit":"px","top":"0","right":"180","bottom":"0","left":"180","isLinked":false},"margin_tablet":{"unit":"px","top":"0","right":"0","bottom":"0","left":"0","isLinked":true},"hide_mobile":"hidden-mobile","_title":"Wrapper"},"elements":[{"id":"17d13ef8","settings":{"image":{"id":3459,"url":"https:\/\/power.themeton.com\/vensica\/wp-content\/uploads\/sites\/7\/2023\/03\/logo-partner-01.svg","alt":"","source":"library","size":""},"width":{"unit":"px","size":80,"sizes":[]},"width_tablet":{"unit":"px","size":"","sizes":[]},"width_mobile":{"unit":"px","size":"","sizes":[]},"hover_animation":"grow","_padding":{"unit":"px","top":"0","right":"15","bottom":"0","left":"15","isLinked":false}},"elements":[],"isInner":false,"widgetType":"image","elType":"widget"},{"id":"2e07e8fb","settings":{"image":{"id":3462,"url":"https:\/\/power.themeton.com\/vensica\/wp-content\/uploads\/sites\/7\/2023\/03\/logo-partner-02.svg","alt":"","source":"library","size":""},"width":{"unit":"px","size":102,"sizes":[]},"width_tablet":{"unit":"px","size":"","sizes":[]},"width_mobile":{"unit":"px","size":"","sizes":[]},"hover_animation":"grow","_padding":{"unit":"px","top":"0","right":"15","bottom":"0","left":"015","isLinked":false}},"elements":[],"isInner":false,"widgetType":"image","elType":"widget"},{"id":"59a42d22","settings":{"image":{"id":3460,"url":"https:\/\/power.themeton.com\/vensica\/wp-content\/uploads\/sites\/7\/2023\/03\/logo-partner-03.svg","alt":"","source":"library","size":""},"width":{"unit":"px","size":98,"sizes":[]},"width_tablet":{"unit":"px","size":"","sizes":[]},"width_mobile":{"unit":"px","size":"","sizes":[]},"hover_animation":"grow","_padding":{"unit":"px","top":"0","right":"15","bottom":"0","left":"15","isLinked":false}},"elements":[],"isInner":false,"widgetType":"image","elType":"widget"},{"id":"6b4351ee","settings":{"image":{"id":3461,"url":"https:\/\/power.themeton.com\/vensica\/wp-content\/uploads\/sites\/7\/2023\/03\/logo-partner-04.svg","alt":"","source":"library","size":""},"width":{"unit":"px","size":92,"sizes":[]},"width_tablet":{"unit":"px","size":"","sizes":[]},"width_mobile":{"unit":"px","size":"","sizes":[]},"hover_animation":"grow","_padding":{"unit":"px","top":"0","right":"15","bottom":"0","left":"15","isLinked":false},"hide_tablet":"hidden-tablet","hide_mobile":"hidden-mobile"},"elements":[],"isInner":false,"widgetType":"image","elType":"widget"},{"id":"724463ef","settings":{"image":{"id":3463,"url":"https:\/\/power.themeton.com\/vensica\/wp-content\/uploads\/sites\/7\/2023\/03\/logo-partner-05.svg","alt":"","source":"library","size":""},"width":{"unit":"px","size":64,"sizes":[]},"width_tablet":{"unit":"px","size":"","sizes":[]},"width_mobile":{"unit":"px","size":"","sizes":[]},"hover_animation":"grow","_padding":{"unit":"px","top":"0","right":"15","bottom":"0","left":"15","isLinked":false}},"elements":[],"isInner":false,"widgetType":"image","elType":"widget"},{"id":"5e55b3b6","settings":{"image":{"id":3464,"url":"https:\/\/power.themeton.com\/vensica\/wp-content\/uploads\/sites\/7\/2023\/03\/logo-partner-06.svg","alt":"","source":"library","size":""},"width":{"unit":"px","size":80,"sizes":[]},"width_tablet":{"unit":"px","size":"","sizes":[]},"width_mobile":{"unit":"px","size":"","sizes":[]},"hover_animation":"grow","_padding":{"unit":"px","top":"0","right":"15","bottom":"0","left":"15","isLinked":false}},"elements":[],"isInner":false,"widgetType":"image","elType":"widget"},{"id":"4e8758e","settings":{"image":{"id":3467,"url":"https:\/\/power.themeton.com\/vensica\/wp-content\/uploads\/sites\/7\/2023\/03\/logo-partner-07.svg","alt":"","source":"library","size":""},"width":{"unit":"px","size":85,"sizes":[]},"width_tablet":{"unit":"px","size":"","sizes":[]},"width_mobile":{"unit":"px","size":"","sizes":[]},"hover_animation":"grow","_padding":{"unit":"px","top":"0","right":"15","bottom":"0","left":"15","isLinked":false}},"elements":[],"isInner":false,"widgetType":"image","elType":"widget"},{"id":"46aa6d64","settings":{"image":{"id":3466,"url":"https:\/\/power.themeton.com\/vensica\/wp-content\/uploads\/sites\/7\/2023\/03\/logo-partner-08.svg","alt":"","source":"library","size":""},"width":{"unit":"px","size":62,"sizes":[]},"width_tablet":{"unit":"px","size":"","sizes":[]},"width_mobile":{"unit":"px","size":"","sizes":[]},"hover_animation":"grow","_padding":{"unit":"px","top":"0","right":"15","bottom":"0","left":"15","isLinked":false}},"elements":[],"isInner":false,"widgetType":"image","elType":"widget"},{"id":"588f805d","settings":{"image":{"id":3465,"url":"https:\/\/power.themeton.com\/vensica\/wp-content\/uploads\/sites\/7\/2023\/03\/logo-partner-09.svg","alt":"","source":"library","size":""},"width":{"unit":"px","size":102,"sizes":[]},"width_tablet":{"unit":"px","size":"","sizes":[]},"width_mobile":{"unit":"px","size":"","sizes":[]},"hover_animation":"grow","_padding":{"unit":"px","top":"0","right":"15","bottom":"0","left":"15","isLinked":false}},"elements":[],"isInner":false,"widgetType":"image","elType":"widget"},{"id":"200245f9","settings":{"image":{"id":3468,"url":"https:\/\/power.themeton.com\/vensica\/wp-content\/uploads\/sites\/7\/2023\/03\/logo-partner-10.svg","alt":"","source":"library","size":""},"width":{"unit":"px","size":76,"sizes":[]},"width_tablet":{"unit":"px","size":"","sizes":[]},"width_mobile":{"unit":"px","size":"","sizes":[]},"hover_animation":"grow","_padding":{"unit":"px","top":"0","right":"15","bottom":"0","left":"15","isLinked":false}},"elements":[],"isInner":false,"widgetType":"image","elType":"widget"},{"id":"461f2023","settings":{"image":{"id":3469,"url":"https:\/\/power.themeton.com\/vensica\/wp-content\/uploads\/sites\/7\/2023\/03\/logo-partner-11.svg","alt":"","source":"library","size":""},"width":{"unit":"px","size":80,"sizes":[]},"width_tablet":{"unit":"px","size":"","sizes":[]},"width_mobile":{"unit":"px","size":"","sizes":[]},"hover_animation":"grow","_padding":{"unit":"px","top":"0","right":"15","bottom":"0","left":"15","isLinked":false}},"elements":[],"isInner":false,"widgetType":"image","elType":"widget"},{"id":"2d64bfe9","settings":{"image":{"id":3470,"url":"https:\/\/power.themeton.com\/vensica\/wp-content\/uploads\/sites\/7\/2023\/03\/logo-partner-12.svg","alt":"","source":"library","size":""},"width":{"unit":"px","size":80,"sizes":[]},"width_tablet":{"unit":"px","size":"","sizes":[]},"width_mobile":{"unit":"px","size":"","sizes":[]},"hover_animation":"grow","_padding":{"unit":"px","top":"0","right":"15","bottom":"0","left":"15","isLinked":false}},"elements":[],"isInner":false,"widgetType":"image","elType":"widget"}],"isInner":false,"elType":"container"}],"isInner":false,"elType":"container"},{"id":"10f923d6","settings":{"content_position":"middle","structure":"20","border_border":"solid","border_width":{"unit":"px","top":"1","right":"0","bottom":"0","left":"0","isLinked":false},"padding":{"unit":"px","top":"50","right":"0","bottom":"0","left":"0","isLinked":false},"flex_direction":"row","flex_align_items":"stretch","flex_gap":{"size":0,"unit":"px"},"content_width":"full","__globals__":{"border_color":"globals\/colors?id=915d6c4"},"border_width_mobile":{"unit":"px","top":"0","right":"0","bottom":"0","left":"0","isLinked":true},"padding_mobile":{"unit":"px","top":"20","right":"0","bottom":"0","left":"0","isLinked":false},"_title":"Footer Main"},"elements":[{"id":"37f2e6fb","settings":{"_column_size":50,"width":{"size":30,"unit":"%"},"width_mobile":{"size":30,"unit":"%"},"content_width":"full","flex_direction":"row","flex_justify_content":"flex-start","flex_align_items":"flex-start","padding":{"unit":"px","top":"0","right":"0","bottom":"0","left":"0","isLinked":true},"flex_gap":{"unit":"px","size":60,"sizes":[]}},"elements":[{"id":"17602662","settings":{"__dynamic__":{"image":"[elementor-tag id=\"\" name=\"site-logo\" settings=\"%7B%7D\"]","link":"[elementor-tag id=\"\" name=\"site-url\" settings=\"%7B%7D\"]"},"image_size":"crest-medium","width":{"unit":"px","size":64,"sizes":[]},"width_tablet":{"unit":"px","size":"","sizes":[]},"width_mobile":{"unit":"px","size":"","sizes":[]},"_background_background":"classic","__globals__":{"_background_color":""},"image":{"id":4602,"url":"https:\/\/power.themeton.com\/vensica\/wp-content\/uploads\/sites\/7\/2023\/03\/placeholder-3.png"}},"elements":[],"isInner":false,"widgetType":"theme-site-logo","elType":"widget"},{"id":"54bad2ea","settings":{"align_items":"left","animation_line":"drop-out","animation_text":"none","color_menu_item_hover":"#FFFFFF","pointer_color_menu_item_hover":"#00ce1b","menu_typography_font_size":{"unit":"rem","size":"","sizes":[]},"pointer_width":{"unit":"px","size":1},"color_dropdown_item":"#000000","background_color_dropdown_item":"#eaeaea","color_dropdown_item_hover":"#00ce1b","background_color_dropdown_item_hover":"#ededed","dropdown_typography_typography":"custom","dropdown_typography_font_size":{"unit":"px","size":15},"toggle_color":"#000000","toggle_color_hover":"#00ce1b","toggle_size":{"unit":"px","size":30},"toggle_border_width":{"unit":"px","size":0},"toggle_border_radius":{"unit":"px","size":0},"pointer":"none","dropdown":"mobile","menu_typography_font_size_tablet":{"unit":"rem","size":""},"menu_typography_font_weight":"500","padding_horizontal_menu_item":{"unit":"px","size":0},"menu_space_between":{"unit":"px","size":0},"toggle_align":"left","full_width":"stretch","text_align":"center","dropdown_top_distance_mobile":{"unit":"px","size":40},"toggle_background_color":"rgba(0,0,0,0)","submenu_icon":{"value":"","library":""},"menu":"footer-menu","layout":"vertical","menu_typography_font_size_mobile":{"unit":"rem","size":"","sizes":[]},"__globals__":{"color_menu_item":"globals\/colors?id=fe9106b"},"menu_typography_font_family":"Barlow Condensed","menu_typography_line_height":{"unit":"em","size":"","sizes":[]},"hide_mobile":"hidden-mobile","menu_id":58,"menu_typography_typography":"custom"},"elements":[],"isInner":false,"widgetType":"nav-menu","elType":"widget"}],"isInner":false,"elType":"container"},{"id":"7da603ba","settings":{"_column_size":50,"width":{"size":70,"unit":"%"},"width_mobile":{"size":70,"unit":"%"},"content_width":"full","flex_direction":"column","flex_justify_content":"space-between","flex_align_items":"center","padding":{"unit":"px","top":"0","right":"0","bottom":"0","left":"0","isLinked":true}},"elements":[{"id":"2102e673","settings":{"flex_direction":"row","flex_justify_content":"flex-end","flex_align_items":"center","flex_gap":{"unit":"px","size":40,"sizes":[]},"padding":{"unit":"px","top":"2","right":"0","bottom":"0","left":"0","isLinked":false},"flex_gap_mobile":{"unit":"px","size":20,"sizes":[]}},"elements":[{"id":"1737ae8b","settings":{"title":"Download App\n","align":"right","typography_typography":"custom","typography_font_size":{"unit":"rem","size":1.2},"typography_font_weight":"400","typography_font_size_mobile":{"unit":"rem","size":""},"align_mobile":"right","typography_font_size_tablet":{"unit":"rem","size":""},"header_size":"p","__globals__":{"title_color":"globals\/colors?id=915d6c4"}},"elements":[],"isInner":false,"widgetType":"heading","elType":"widget"},{"id":"7acffbaa","settings":{"social_icon_list":[{"_id":"bf3504b","social_icon":{"value":"fab fa-apple","library":"fa-brands"},"link":{"url":"https:\/\/apple.com","is_external":"true","nofollow":"","custom_attributes":""}},{"social":"fa fa-pinterest","_id":"f4f16ac","social_icon":{"value":"fab fa-google-play","library":"fa-brands"},"__fa4_migrated":{"social_icon":true},"link":{"url":"https:\/\/google.com","is_external":"true","nofollow":"","custom_attributes":""}}],"icon_color":"custom","icon_primary_color":"#F5F5F500","icon_secondary_color":"#F5F5F5","icon_size":{"unit":"px","size":20},"icon_padding":{"unit":"em","size":0.6},"icon_spacing":{"unit":"px","size":15},"hover_secondary_color":"#FFFFFF","align":"right","hover_primary_color":"rgba(255,255,255,0)","align_mobile":"center","icon_size_tablet":{"unit":"px","size":13},"icon_spacing_tablet":{"unit":"px","size":10},"shape":"circle","image_border_border":"solid","image_border_width":{"unit":"px","top":"1","right":"1","bottom":"1","left":"1","isLinked":true},"image_border_color":"#F5F5F5","border_radius":{"unit":"px","top":"50","right":"50","bottom":"50","left":"50","isLinked":true},"__globals__":{"icon_secondary_color":"globals\/colors?id=915d6c4","image_border_color":"globals\/colors?id=915d6c4","icon_primary_color":"","hover_secondary_color":""},"hover_animation":"grow","icon_size_mobile":{"unit":"px","size":18,"sizes":[]}},"elements":[],"isInner":false,"widgetType":"social-icons","elType":"widget"},{"id":"1eb69822","settings":{"social_icon_list":[{"social":"fa fa-facebook","social_icon":{"value":"fab fa-facebook-f","library":"fa-brands"},"__fa4_migrated":{"social_icon":true},"_id":"8922345","link":{"url":"https:\/\/facebook.com","is_external":"true","nofollow":"","custom_attributes":""}},{"social":"fa fa-twitter","_id":"a229ff5","social_icon":{"value":"fab fa-twitter","library":"fa-brands"},"__fa4_migrated":{"social_icon":true},"link":{"url":"https:\/\/twitter.com","is_external":"true","nofollow":"","custom_attributes":""}},{"_id":"7daf2d0","social_icon":{"value":"fab fa-instagram","library":"fa-brands"},"link":{"url":"https:\/\/instagram.com","is_external":"true","nofollow":"","custom_attributes":""}},{"social":"fa fa-pinterest","_id":"f4f16ac","social_icon":{"value":"fab fa-pinterest","library":"fa-brands"},"__fa4_migrated":{"social_icon":true},"link":{"url":"https:\/\/pinterest.com","is_external":"true","nofollow":"","custom_attributes":""}},{"social":"fa fa-pinterest","social_icon":{"value":"fab fa-youtube","library":"fa-brands"},"__fa4_migrated":{"social_icon":true},"_id":"3c4e154","link":{"url":"https:\/\/youtube.com","is_external":"true","nofollow":"","custom_attributes":""}}],"icon_color":"custom","icon_primary_color":"#F5F5F500","icon_secondary_color":"#F5F5F5","icon_size":{"unit":"px","size":20},"icon_padding":{"unit":"em","size":0.6},"icon_spacing":{"unit":"px","size":15},"hover_secondary_color":"#FFFFFF","align":"right","hover_primary_color":"rgba(255,255,255,0)","align_mobile":"center","icon_size_tablet":{"unit":"px","size":13},"icon_spacing_tablet":{"unit":"px","size":10},"shape":"circle","row_gap":{"unit":"px","size":"","sizes":[]},"image_border_border":"solid","image_border_width":{"unit":"px","top":"1","right":"1","bottom":"1","left":"1","isLinked":true},"image_border_color":"#F5F5F5","border_radius":{"unit":"px","top":"50","right":"50","bottom":"50","left":"50","isLinked":true},"_padding":{"unit":"px","top":"0","right":"0","bottom":"0","left":"40","isLinked":false},"_border_border":"solid","_border_width":{"unit":"px","top":"0","right":"0","bottom":"0","left":"1","isLinked":false},"__globals__":{"icon_secondary_color":"","image_border_color":"globals\/colors?id=915d6c4","icon_primary_color":"","_border_color":"globals\/colors?id=915d6c4","hover_secondary_color":""},"hover_animation":"grow","_padding_mobile":{"unit":"px","top":"20","right":"0","bottom":"0","left":"0","isLinked":false},"_border_width_mobile":{"unit":"px","top":"1","right":"0","bottom":"0","left":"0","isLinked":false}},"elements":[],"isInner":false,"widgetType":"social-icons","elType":"widget"}],"isInner":false,"elType":"container"},{"id":"e42d03a","settings":{"flex_align_items":"flex-end","flex_gap":{"unit":"px","size":5,"sizes":[]},"padding":{"unit":"px","top":"0","right":"0","bottom":"0","left":"0","isLinked":true}},"elements":[{"id":"269d3443","settings":{"social_icon_list":[{"social":"fa fa-facebook","social_icon":{"value":"fas fa-chevron-up","library":"fa-solid"},"__fa4_migrated":{"social_icon":true},"_id":"8922345","link":{"url":"#top","is_external":"true","nofollow":"","custom_attributes":""}}],"icon_color":"custom","icon_secondary_color":"#F5F5F5","icon_size":{"unit":"px","size":13},"icon_padding":{"unit":"em","size":0.6},"icon_spacing":{"unit":"px","size":""},"hover_secondary_color":"#FFFFFF","align":"right","align_mobile":"center","icon_size_tablet":{"unit":"px","size":13},"icon_spacing_tablet":{"unit":"px","size":10},"shape":"square","row_gap":{"unit":"px","size":"","sizes":[]},"image_border_color":"#F5F5F5","__globals__":{"icon_secondary_color":"","image_border_color":"globals\/colors?id=915d6c4","icon_primary_color":"globals\/colors?id=5e6393c","_border_color":"globals\/colors?id=915d6c4","hover_secondary_color":"","hover_primary_color":"globals\/colors?id=0c8ca7a"},"_padding_mobile":{"unit":"px","top":"20","right":"0","bottom":"0","left":"0","isLinked":false},"_border_width_mobile":{"unit":"px","top":"1","right":"0","bottom":"0","left":"0","isLinked":false},"_border_color":"#F5F5F5","_title":"Go to top"},"elements":[],"isInner":false,"widgetType":"social-icons","elType":"widget"},{"id":"366df936","settings":{"title":"\u00a9 Copyright <strong>Vensica INC<\/strong> Official website of Vensica FC.","typography_typography":"custom","typography_font_size":{"unit":"rem","size":1},"typography_font_weight":"400","align":"left","align_mobile":"center","typography_line_height_mobile":{"unit":"px","size":19},"header_size":"p","typography_font_family":"Barlow Condensed","typography_font_size_tablet":{"unit":"rem","size":"","sizes":[]},"typography_font_size_mobile":{"unit":"rem","size":"","sizes":[]},"__globals__":{"title_color":"globals\/colors?id=fe9106b"},"hide_mobile":"hidden-mobile"},"elements":[],"isInner":false,"widgetType":"heading","elType":"widget"},{"id":"78dd7bcf","settings":{"align_items":"left","animation_line":"drop-out","animation_text":"none","color_menu_item_hover":"#FFFFFF","pointer_color_menu_item_hover":"#00ce1b","menu_typography_typography":"custom","menu_typography_font_size":{"unit":"rem","size":0.85},"pointer_width":{"unit":"px","size":1},"color_dropdown_item":"#000000","background_color_dropdown_item":"#eaeaea","color_dropdown_item_hover":"#00ce1b","background_color_dropdown_item_hover":"#ededed","dropdown_typography_typography":"custom","dropdown_typography_font_size":{"unit":"px","size":15},"toggle_color":"#000000","toggle_color_hover":"#00ce1b","toggle_size":{"unit":"px","size":30},"toggle_border_width":{"unit":"px","size":0},"toggle_border_radius":{"unit":"px","size":0},"pointer":"none","dropdown":"mobile","menu_typography_font_size_tablet":{"unit":"rem","size":""},"menu_typography_font_weight":"500","padding_horizontal_menu_item":{"unit":"px","size":2},"menu_space_between":{"unit":"px","size":30},"toggle_align":"left","full_width":"stretch","text_align":"center","dropdown_top_distance_mobile":{"unit":"px","size":40},"toggle_background_color":"rgba(0,0,0,0)","submenu_icon":{"value":"","library":""},"menu":"footer-menu-horizontal","nav_menu_divider":"yes","nav_menu_divider_weight":{"unit":"px","size":1,"sizes":[]},"nav_menu_divider_height":{"unit":"%","size":"","sizes":[]},"__globals__":{"nav_menu_divider_color":"globals\/colors?id=fe9106b","color_menu_item":"globals\/colors?id=fe9106b"},"menu_typography_font_size_mobile":{"unit":"rem","size":"","sizes":[]},"menu_typography_line_height_tablet":{"unit":"px","size":"","sizes":[]},"menu_typography_line_height_mobile":{"unit":"px","size":"","sizes":[]},"hide_mobile":"hidden-mobile","menu_id":59},"elements":[],"isInner":false,"widgetType":"nav-menu","elType":"widget"}],"isInner":false,"elType":"container"}],"isInner":false,"elType":"container"}],"isInner":false,"elType":"container"},{"id":"c9db921","settings":{"content_position":"middle","structure":"20","flex_direction":"row","flex_align_items":"stretch","flex_gap":{"size":0,"unit":"px"},"content_width":"full","__globals__":{"border_color":"globals\/colors?id=915d6c4"},"flex_justify_content":"center","border_width_mobile":{"unit":"px","top":"0","right":"0","bottom":"0","left":"0","isLinked":true},"padding_mobile":{"unit":"px","top":"5","right":"5","bottom":"5","left":"5","isLinked":true},"hide_desktop":"hidden-desktop","hide_tablet":"hidden-tablet","_title":"Copyright Mobile"},"elements":[{"id":"976333e","settings":{"title":"\u00a9 Copyright Vensica INC, 2023.","typography_typography":"custom","typography_font_size":{"unit":"rem","size":1},"typography_font_weight":"400","align_mobile":"center","typography_line_height_mobile":{"unit":"px","size":19},"header_size":"p","typography_font_family":"Barlow Condensed","typography_font_size_tablet":{"unit":"rem","size":"","sizes":[]},"typography_font_size_mobile":{"unit":"rem","size":"","sizes":[]},"__globals__":{"title_color":"globals\/colors?id=fe9106b"}},"elements":[],"isInner":false,"widgetType":"heading","elType":"widget"}],"isInner":false,"elType":"container"}],"isInner":false,"elType":"container"}],"settings":[],"metadata":[]}