{"content":[{"id":"6cce33fb","settings":{"flex_gap":{"unit":"px","size":15,"sizes":[]},"padding":{"unit":"px","top":"0","right":"0","bottom":"0","left":"0","isLinked":true},"_title":"Post"},"elements":[{"id":"67945cb3","settings":{"overflow":"hidden","padding":{"unit":"px","top":"0","right":"0","bottom":"0","left":"0","isLinked":true}},"elements":[{"id":"46ab609c","settings":{"__dynamic__":{"image":"[elementor-tag id=\"\" name=\"post-featured-image\" settings=\"%7B%22fallback%22%3A%7B%22url%22%3A%22%22%2C%22id%22%3A%22%22%2C%22size%22%3A%22%22%7D%7D\"]","link":"[elementor-tag id=\"0a4b847\" name=\"post-url\" settings=\"%7B%7D\"]"},"image_size":"custom","image_custom_dimension":{"width":"574","height":"380"},"link_to":"custom","css_filters_hover_css_filter":"custom","css_filters_hover_saturate":{"unit":"px","size":120,"sizes":[]},"background_hover_transition":{"unit":"px","size":0.5,"sizes":[]},"_transform_scale_popover_hover":"transform","_transform_scale_effect_hover":{"unit":"px","size":1.05,"sizes":[]},"_transform_transition_hover":{"unit":"px","size":500,"sizes":[]},"image":{"id":4645,"url":"https:\/\/power.themeton.com\/vensica\/wp-content\/uploads\/sites\/7\/2023\/03\/placeholder.png"}},"elements":[],"isInner":false,"widgetType":"theme-post-featured-image","elType":"widget"}],"isInner":false,"elType":"container"},{"id":"7c05400a","settings":{"flex_direction":"row","flex_align_items":"center","flex_gap":{"unit":"px","size":12,"sizes":[]},"padding":{"unit":"px","top":"0","right":"0","bottom":"0","left":"0","isLinked":true},"_title":"Post meta"},"elements":[{"id":"db35b0","settings":{"icon_list":[{"_id":"267fa09","type":"terms","custom_date_format":"F j, Y","custom_time_format":"g:i a","taxonomy":"category","show_icon":"none","link":""}],"icon_typography_typography":"custom","icon_typography_font_family":"Barlow Condensed","icon_typography_font_size":{"unit":"rem","size":0.9,"sizes":[]},"icon_typography_font_size_tablet":{"unit":"em","size":"","sizes":[]},"icon_typography_font_size_mobile":{"unit":"em","size":"","sizes":[]},"icon_typography_font_weight":"600","icon_typography_text_transform":"uppercase","icon_typography_line_height":{"unit":"em","size":1.5,"sizes":[]},"__globals__":{"text_color":"globals\/colors?id=primary"},"_title":"Category"},"elements":[],"isInner":false,"widgetType":"post-info","elType":"widget"},{"id":"4b5a2d8e","settings":{"icon_list":[{"selected_icon":{"value":"fas fa-calendar","library":"fa-solid"},"_id":"959e7e0","date_format":"custom","custom_date_format":"F j","custom_time_format":"g:i a","show_icon":"none","link":""}],"icon_typography_typography":"custom","icon_typography_font_family":"Barlow Condensed","icon_typography_font_size":{"unit":"rem","size":0.9,"sizes":[]},"icon_typography_font_size_tablet":{"unit":"em","size":"","sizes":[]},"icon_typography_font_size_mobile":{"unit":"em","size":"","sizes":[]},"icon_typography_font_weight":"400","icon_typography_line_height":{"unit":"em","size":1,"sizes":[]},"_padding":{"unit":"px","top":"0","right":"0","bottom":"0","left":"12","isLinked":false},"_border_border":"solid","_border_width":{"unit":"px","top":"0","right":"0","bottom":"0","left":"1","isLinked":false},"__globals__":{"text_color":"globals\/colors?id=fe9106b","_border_color":"globals\/colors?id=fe9106b"},"_title":"Date"},"elements":[],"isInner":false,"widgetType":"post-info","elType":"widget"}],"isInner":false,"elType":"container"},{"id":"4de1762a","settings":{"__dynamic__":{"title":"[elementor-tag id=\"\" name=\"post-title\" settings=\"%7B%22before%22%3A%22%22%2C%22after%22%3A%22%22%2C%22fallback%22%3A%22%22%7D\"]","link":"[elementor-tag id=\"ef7b8a5\" name=\"post-url\" settings=\"%7B%7D\"]"},"title":"Add Your Heading Text Here","title_color":"#EFEFEF","typography_typography":"custom","typography_font_family":"Roboto","typography_font_size":{"unit":"rem","size":1.2,"sizes":[]},"typography_font_size_tablet":{"unit":"em","size":"","sizes":[]},"typography_font_size_mobile":{"unit":"em","size":"","sizes":[]},"typography_font_weight":"500","typography_line_height":{"unit":"em","size":1.4,"sizes":[]},"__globals__":{"title_color":""}},"elements":[],"isInner":false,"widgetType":"theme-post-title","elType":"widget"}],"isInner":false,"elType":"container"}],"settings":[],"metadata":[]}