{"content":[{"id":"596455f1","settings":{"box_shadow_box_shadow":{"horizontal":0,"vertical":15,"blur":72,"spread":15,"color":"rgba(196.00000000000003, 197.00000000000003, 198.00000000000003, 0.38)"},"padding":{"unit":"px","top":"0","right":"0","bottom":"0","left":"0","isLinked":true},"flex_gap":{"unit":"px","size":0,"sizes":[]},"background_background":"classic","background_image":{"url":"https:\/\/power.themeton.com\/vensica\/wp-content\/uploads\/2023\/01\/title-background.png","id":3644,"alt":"","source":"library","size":""},"background_position":"top center","background_repeat":"no-repeat","background_size":"cover","content_width":"full","_title":"Hero","background_overlay_background":"classic","background_overlay_opacity":{"unit":"px","size":0.75,"sizes":[]},"__globals__":{"background_color":"","background_overlay_color":"globals\/colors?id=text"},"background_color":"#151D3B","background_overlay_color":"#151D3B","background_overlay_image":{"url":"https:\/\/power.themeton.com\/vensica\/wp-content\/uploads\/2023\/01\/page-title-lights.png","id":3639,"size":"","alt":"","source":"library"},"background_overlay_position":"center center","background_overlay_repeat":"no-repeat","padding_tablet":{"unit":"px","top":"10","right":"50","bottom":"0","left":"50","isLinked":false},"padding_mobile":{"unit":"px","top":"30","right":"10","bottom":"0","left":"10","isLinked":false}},"elements":[{"id":"7a99f9b7","settings":{"flex_direction":"row","padding":{"unit":"px","top":"0","right":"0","bottom":"0","left":"0","isLinked":true},"flex_gap_mobile":{"unit":"px","size":0,"sizes":[]},"_title":"Container Wrapper"},"elements":[{"id":"4a289e6f","settings":{"flex_justify_content":"center","content_width":"full","width":{"unit":"%","size":55},"_flex_size":"none","_element_width":"initial","padding_mobile":{"unit":"px","top":"0","right":"0","bottom":"0","left":"0","isLinked":true},"_title":"Container Title"},"elements":[{"id":"5a8f2cbb","settings":{"boxed_width":{"unit":"%","size":"","sizes":[]},"boxed_width_tablet":{"unit":"%","size":"","sizes":[]},"boxed_width_mobile":{"unit":"%","size":"","sizes":[]},"flex_direction":"row","flex_gap":{"unit":"px","size":10,"sizes":[]},"padding":{"unit":"px","top":"100","right":"100","bottom":"100","left":"100","isLinked":true},"padding_tablet":{"unit":"px","top":"20","right":"20","bottom":"20","left":"20","isLinked":true},"padding_mobile":{"unit":"px","top":"20","right":"20","bottom":"0","left":"20","isLinked":false}},"elements":[{"id":"656e307c","settings":{"title":"39","typography_typography":"custom","typography_font_family":"Barlow Condensed","typography_font_size":{"unit":"rem","size":11,"sizes":[]},"typography_font_weight":"100","typography_line_height":{"unit":"em","size":0.7,"sizes":[]},"_flex_size":"grow","__globals__":{"title_color":""},"_css_classes":"header-gradient","__dynamic__":{"title":"[elementor-tag id=\"9c4ba96\" name=\"post-custom-field\" settings=\"%7B%22key%22%3A%22wpcm_number%22%7D\"]"},"title_color":"#FFFFFF","typography_font_size_tablet":{"unit":"rem","size":8,"sizes":[]},"typography_font_size_mobile":{"unit":"rem","size":6,"sizes":[]},"_element_width_mobile":"initial","_element_custom_width_mobile":{"unit":"%","size":24,"sizes":[]},"_flex_size_mobile":"none"},"elements":[],"isInner":false,"widgetType":"heading","elType":"widget"},{"id":"8e69219","settings":{"flex_gap":{"unit":"px","size":0,"sizes":[]},"content_width":"full","width":{"unit":"%","size":80,"sizes":[]},"_flex_size":"none","_element_width_widescreen":"initial","width_widescreen":{"size":478.5},"width_mobile":{"unit":"%","size":65,"sizes":[]}},"elements":[{"id":"487cbd67","settings":{"title":"SERGIO<br>\nRAMOS","size":"large","typography_typography":"custom","typography_font_family":"Barlow","typography_font_size":{"unit":"rem","size":4,"sizes":[]},"typography_font_weight":"700","typography_line_height":{"unit":"em","size":0.8,"sizes":[]},"_flex_size":"shrink","_margin":{"unit":"px","top":"0","right":"0","bottom":"20","left":"0","isLinked":false},"header_size":"h1","__dynamic__":{"title":"[elementor-tag id=\"b869117\" name=\"post-title\" settings=\"%7B%7D\"]"},"title_color":"#FFFFFF","typography_text_transform":"uppercase","_element_width":"initial","_element_custom_width":{"unit":"px","size":200,"sizes":[]},"typography_font_size_tablet":{"unit":"rem","size":2.5,"sizes":[]},"typography_font_size_mobile":{"unit":"rem","size":1.7,"sizes":[]}},"elements":[],"isInner":false,"widgetType":"heading","elType":"widget"},{"id":"5edfa3ee","settings":{"title":"Defender","size":"large","header_size":"h3","__globals__":{"title_color":"globals\/colors?id=primary"},"typography_typography":"custom","typography_font_family":"Barlow","typography_font_size":{"unit":"rem","size":2,"sizes":[]},"typography_font_weight":"500","typography_line_height":{"unit":"em","size":1,"sizes":[]},"__dynamic__":{"title":"[elementor-tag id=\"31c3cbe\" name=\"post-custom-field\" settings=\"%7B%22custom_key%22%3A%22wpcm_position%22%2C%22key%22%3A%22wpcm_position%22%7D\"]"},"typography_font_size_tablet":{"unit":"rem","size":1.5,"sizes":[]},"typography_font_size_mobile":{"unit":"rem","size":1.2,"sizes":[]}},"elements":[],"isInner":false,"widgetType":"heading","elType":"widget"}],"isInner":false,"elType":"container"}],"isInner":false,"elType":"container"}],"isInner":false,"elType":"container"},{"id":"7be4e960","settings":{"padding":{"unit":"px","top":"0","right":"0","bottom":"0","left":"0","isLinked":true},"boxed_width":{"unit":"%","size":"","sizes":[]},"boxed_width_tablet":{"unit":"%","size":"","sizes":[]},"boxed_width_mobile":{"unit":"%","size":"","sizes":[]},"_title":"Container Image"},"elements":[{"id":"1ebaac80","settings":{"image":{"url":"https:\/\/power.themeton.com\/vensica\/wp-content\/uploads\/2022\/12\/player.png","id":904,"alt":"","source":"library"},"__dynamic__":{"image":"[elementor-tag id=\"12a653f\" name=\"post-featured-image\" settings=\"%7B%7D\"]"}},"elements":[],"isInner":false,"widgetType":"image","elType":"widget"}],"isInner":false,"elType":"container"}],"isInner":false,"elType":"container"}],"isInner":false,"elType":"container"},{"id":"1ba40c99","settings":{"_title":"Space","padding":{"unit":"px","top":"0","right":"0","bottom":"0","left":"0","isLinked":true}},"elements":[{"id":"5d0f1163","settings":{"space_tablet":{"unit":"px","size":20,"sizes":[]},"space_mobile":{"unit":"px","size":10,"sizes":[]},"_title":"Spacer 50\/20\/10"},"elements":[],"isInner":false,"widgetType":"spacer","elType":"widget"}],"isInner":false,"elType":"container"},{"id":"3dc024b0","settings":{"flex_direction":"row","box_shadow_box_shadow":{"horizontal":0,"vertical":15,"blur":15,"spread":0,"color":"rgba(196.00000000000003, 197.00000000000003, 198.00000000000003, 0.38)"},"_title":"Statistics","flex_gap":{"unit":"px","size":15,"sizes":[]}},"elements":[{"id":"3cb8e778","settings":{"flex_gap":{"unit":"px","size":15,"sizes":[]},"padding":{"unit":"px","top":"0","right":"0","bottom":"0","left":"0","isLinked":true},"_title":"Container Personal details"},"elements":[{"id":"1529c0b3","settings":{"title":"Personal Details","size":"large","header_size":"h3","_flex_size":"shrink","__globals__":{"title_color":"globals\/colors?id=text"},"typography_typography":"custom","typography_font_family":"Barlow Condensed","typography_font_size":{"unit":"rem","size":1.5,"sizes":[]},"typography_font_weight":"600","typography_line_height":{"unit":"em","size":1,"sizes":[]}},"elements":[],"isInner":false,"widgetType":"heading","elType":"widget"},{"id":"7015e20f","settings":{"flex_gap":{"unit":"px","size":4,"sizes":[]},"background_background":"classic","padding":{"unit":"px","top":"40","right":"40","bottom":"40","left":"40","isLinked":true},"__globals__":{"background_color":"globals\/colors?id=915d6c4"},"min_height":{"unit":"px","size":358,"sizes":[]},"padding_mobile":{"unit":"%","top":"15","right":"15","bottom":"15","left":"15","isLinked":true}},"elements":[{"id":"24f01605","settings":{"title":"Place of birth","header_size":"h3","typography_typography":"custom","typography_font_family":"Barlow Condensed","typography_font_size":{"unit":"rem","size":1.2,"sizes":[]},"typography_font_weight":"500","typography_line_height":{"unit":"em","size":1,"sizes":[]},"__globals__":{"title_color":"globals\/colors?id=secondary"}},"elements":[],"isInner":false,"widgetType":"heading","elType":"widget"},{"id":"51141be1","settings":{"title":"Camas (Sevilla, Spain)","header_size":"h3","typography_typography":"custom","typography_font_family":"Barlow Condensed","typography_font_size":{"unit":"rem","size":1.4,"sizes":[]},"typography_font_weight":"600","typography_line_height":{"unit":"em","size":1,"sizes":[]},"_margin":{"unit":"px","top":"0","right":"0","bottom":"20","left":"0","isLinked":false},"__globals__":{"title_color":"globals\/colors?id=text"},"__dynamic__":{"title":"[elementor-tag id=\"9163787\" name=\"post-custom-field\" settings=\"%7B%22key%22%3A%22wpcm_hometown%22%7D\"]"}},"elements":[],"isInner":false,"widgetType":"heading","elType":"widget"},{"id":"f4a468f","settings":{"title":"Date of birth","header_size":"h3","typography_typography":"custom","typography_font_family":"Barlow Condensed","typography_font_size":{"unit":"rem","size":1.2,"sizes":[]},"typography_font_weight":"500","typography_line_height":{"unit":"em","size":1,"sizes":[]},"__globals__":{"title_color":"globals\/colors?id=secondary"}},"elements":[],"isInner":false,"widgetType":"heading","elType":"widget"},{"id":"73eff6f7","settings":{"title":"30\/03\/1986","header_size":"h3","typography_typography":"custom","typography_font_family":"Barlow Condensed","typography_font_size":{"unit":"rem","size":1.4,"sizes":[]},"typography_font_weight":"600","typography_line_height":{"unit":"em","size":1,"sizes":[]},"_margin":{"unit":"px","top":"0","right":"0","bottom":"20","left":"0","isLinked":false},"__globals__":{"title_color":"globals\/colors?id=text"},"__dynamic__":{"title":"[elementor-tag id=\"60a2b42\" name=\"post-custom-field\" settings=\"%7B%22key%22%3A%22wpcm_dob%22%7D\"]"}},"elements":[],"isInner":false,"widgetType":"heading","elType":"widget"},{"id":"f2db405","settings":{"title":"Weight","header_size":"h3","typography_typography":"custom","typography_font_family":"Barlow Condensed","typography_font_size":{"unit":"rem","size":1.2,"sizes":[]},"typography_font_weight":"500","typography_line_height":{"unit":"em","size":1,"sizes":[]},"__globals__":{"title_color":"globals\/colors?id=secondary"},"__dynamic__":[]},"elements":[],"isInner":false,"widgetType":"heading","elType":"widget"},{"id":"62504e36","settings":{"title":"82kg","header_size":"h3","typography_typography":"custom","typography_font_family":"Barlow Condensed","typography_font_size":{"unit":"rem","size":1.4,"sizes":[]},"typography_font_weight":"600","typography_line_height":{"unit":"em","size":1,"sizes":[]},"_margin":{"unit":"px","top":"0","right":"0","bottom":"20","left":"0","isLinked":false},"__globals__":{"title_color":"globals\/colors?id=text"},"__dynamic__":{"title":"[elementor-tag id=\"022736b\" name=\"post-custom-field\" settings=\"%7B%22key%22%3A%22wpcm_weight%22%7D\"]"}},"elements":[],"isInner":false,"widgetType":"heading","elType":"widget"},{"id":"6c0ad7e5","settings":{"title":"Height","header_size":"h3","typography_typography":"custom","typography_font_family":"Barlow Condensed","typography_font_size":{"unit":"rem","size":1.2,"sizes":[]},"typography_font_weight":"500","typography_line_height":{"unit":"em","size":1,"sizes":[]},"__globals__":{"title_color":"globals\/colors?id=secondary"}},"elements":[],"isInner":false,"widgetType":"heading","elType":"widget"},{"id":"6cd173b6","settings":{"title":"1,84m","header_size":"h3","typography_typography":"custom","typography_font_family":"Barlow Condensed","typography_font_size":{"unit":"rem","size":1.4,"sizes":[]},"typography_font_weight":"600","typography_line_height":{"unit":"em","size":1,"sizes":[]},"_margin":{"unit":"px","top":"0","right":"0","bottom":"20","left":"0","isLinked":false},"__globals__":{"title_color":"globals\/colors?id=text"},"__dynamic__":{"title":"[elementor-tag id=\"f0890f9\" name=\"post-custom-field\" settings=\"%7B%22key%22%3A%22wpcm_height%22%7D\"]"}},"elements":[],"isInner":false,"widgetType":"heading","elType":"widget"}],"isInner":false,"elType":"container"}],"isInner":false,"elType":"container"},{"id":"617d92da","settings":{"flex_gap":{"unit":"px","size":15,"sizes":[]},"padding":{"unit":"px","top":"0","right":"0","bottom":"0","left":"0","isLinked":true},"_title":"Container Statistics"},"elements":[{"id":"7dd18d9a","settings":{"title":"Statistics","size":"large","header_size":"h3","_flex_size":"shrink","__globals__":{"title_color":"globals\/colors?id=text"},"typography_typography":"custom","typography_font_family":"Barlow Condensed","typography_font_size":{"unit":"rem","size":1.5,"sizes":[]},"typography_font_weight":"600","typography_line_height":{"unit":"em","size":1,"sizes":[]}},"elements":[],"isInner":false,"widgetType":"heading","elType":"widget"},{"id":"bf445e9","settings":{"flex_gap":{"unit":"px","size":35,"sizes":[]},"background_background":"classic","padding":{"unit":"px","top":"40","right":"40","bottom":"40","left":"40","isLinked":true},"__globals__":{"background_color":"globals\/colors?id=915d6c4"},"min_height":{"unit":"px","size":358,"sizes":[]},"padding_tablet":{"unit":"px","top":"20","right":"20","bottom":"20","left":"20","isLinked":true},"padding_mobile":{"unit":"%","top":"15","right":"15","bottom":"15","left":"15","isLinked":true},"_title":"Box"},"elements":[{"id":"4bcf2dbb","settings":{"flex_direction":"row","padding":{"unit":"px","top":"0","right":"0","bottom":"0","left":"0","isLinked":true},"_title":"List"},"elements":[{"id":"6ecc598f","settings":{"content_width":"full","width":{"unit":"%","size":27.498},"flex_gap":{"unit":"px","size":5,"sizes":[]},"padding":{"unit":"px","top":"0","right":"0","bottom":"0","left":"0","isLinked":true},"_flex_size":"none","_element_width":"initial","width_mobile":{"unit":"%","size":30,"sizes":[]}},"elements":[{"id":"17bca23f","settings":{"title":"Fixtures played","header_size":"h3","typography_typography":"custom","typography_font_family":"Barlow Condensed","typography_font_size":{"unit":"rem","size":1.2,"sizes":[]},"typography_font_weight":"500","typography_line_height":{"unit":"em","size":1,"sizes":[]},"__globals__":{"title_color":"globals\/colors?id=secondary"}},"elements":[],"isInner":false,"widgetType":"heading","elType":"widget"}],"isInner":false,"elType":"container"},{"id":"6a23c19d","settings":{"padding":{"unit":"px","top":"0","right":"0","bottom":"0","left":"0","isLinked":true},"content_width":"full","width_mobile":{"unit":"%","size":50,"sizes":[]}},"elements":[{"id":"43f1562a","settings":{"ending_number":37,"title":"","typography_number_typography":"custom","typography_number_font_family":"Barlow Condensed","typography_number_font_size":{"unit":"rem","size":3.5,"sizes":[]},"typography_number_font_weight":"700","typography_number_line_height":{"unit":"em","size":0.7,"sizes":[]},"_flex_align_self":"flex-start","__dynamic__":[],"__globals__":{"number_color":"globals\/colors?id=text"}},"elements":[],"isInner":false,"widgetType":"counter","elType":"widget"}],"isInner":false,"elType":"container"}],"isInner":false,"elType":"container"},{"id":"63c4eddf","settings":{"flex_direction":"row","padding":{"unit":"px","top":"0","right":"0","bottom":"0","left":"0","isLinked":true},"_title":"List"},"elements":[{"id":"56c36c57","settings":{"content_width":"full","width":{"unit":"%","size":27.498},"padding":{"unit":"px","top":"0","right":"0","bottom":"0","left":"0","isLinked":true},"_flex_size":"none","_element_width":"initial","width_mobile":{"unit":"%","size":30,"sizes":[]},"flex_gap":{"unit":"px","size":5,"sizes":[]}},"elements":[{"id":"7cee9039","settings":{"title":"Assists \nw\/Goal","header_size":"h3","typography_typography":"custom","typography_font_family":"Barlow Condensed","typography_font_size":{"unit":"rem","size":1.2,"sizes":[]},"typography_font_weight":"500","typography_line_height":{"unit":"em","size":1,"sizes":[]},"__globals__":{"title_color":"globals\/colors?id=secondary"}},"elements":[],"isInner":false,"widgetType":"heading","elType":"widget"}],"isInner":false,"elType":"container"},{"id":"778e3c6c","settings":{"padding":{"unit":"px","top":"0","right":"0","bottom":"0","left":"0","isLinked":true},"content_width":"full","width_mobile":{"unit":"%","size":50,"sizes":[]}},"elements":[{"id":"6390131e","settings":{"ending_number":9,"title":"","typography_number_typography":"custom","typography_number_font_family":"Barlow Condensed","typography_number_font_size":{"unit":"rem","size":3.5,"sizes":[]},"typography_number_font_weight":"700","typography_number_line_height":{"unit":"em","size":0.7,"sizes":[]},"_flex_align_self":"flex-start","__globals__":{"number_color":"globals\/colors?id=text"}},"elements":[],"isInner":false,"widgetType":"counter","elType":"widget"}],"isInner":false,"elType":"container"}],"isInner":false,"elType":"container"},{"id":"38778745","settings":{"flex_direction":"row","padding":{"unit":"px","top":"0","right":"0","bottom":"0","left":"0","isLinked":true},"_title":"List"},"elements":[{"id":"407d2878","settings":{"content_width":"full","width":{"unit":"%","size":27.498},"padding":{"unit":"px","top":"0","right":"0","bottom":"0","left":"0","isLinked":true},"_flex_size":"none","_element_width":"initial","width_mobile":{"unit":"%","size":30,"sizes":[]},"flex_gap":{"unit":"px","size":5,"sizes":[]}},"elements":[{"id":"3211bd44","settings":{"title":"Minutes\nPlayed","header_size":"h3","typography_typography":"custom","typography_font_family":"Barlow Condensed","typography_font_size":{"unit":"rem","size":1.2,"sizes":[]},"typography_font_weight":"500","typography_line_height":{"unit":"em","size":1,"sizes":[]},"__globals__":{"title_color":"globals\/colors?id=secondary"}},"elements":[],"isInner":false,"widgetType":"heading","elType":"widget"}],"isInner":false,"elType":"container"},{"id":"3917c89f","settings":{"padding":{"unit":"px","top":"0","right":"0","bottom":"0","left":"0","isLinked":true},"content_width":"full","width_mobile":{"unit":"%","size":50,"sizes":[]}},"elements":[{"id":"29f7a27b","settings":{"ending_number":3280,"title":"","typography_number_typography":"custom","typography_number_font_family":"Barlow Condensed","typography_number_font_size":{"unit":"rem","size":3.5,"sizes":[]},"typography_number_font_weight":"700","typography_number_line_height":{"unit":"em","size":0.7,"sizes":[]},"_flex_align_self":"flex-start","__globals__":{"number_color":"globals\/colors?id=text"}},"elements":[],"isInner":false,"widgetType":"counter","elType":"widget"}],"isInner":false,"elType":"container"}],"isInner":false,"elType":"container"},{"id":"32e98c36","settings":{"flex_direction":"row","padding":{"unit":"px","top":"0","right":"0","bottom":"0","left":"0","isLinked":true},"_title":"List"},"elements":[{"id":"483fb760","settings":{"content_width":"full","width":{"unit":"%","size":27.498},"padding":{"unit":"px","top":"0","right":"0","bottom":"0","left":"0","isLinked":true},"_flex_size":"none","_element_width":"initial","width_mobile":{"unit":"%","size":30,"sizes":[]},"flex_gap":{"unit":"px","size":5,"sizes":[]}},"elements":[{"id":"275f3a34","settings":{"title":"Goals\nScored","header_size":"h3","typography_typography":"custom","typography_font_family":"Barlow Condensed","typography_font_size":{"unit":"rem","size":1.2,"sizes":[]},"typography_font_weight":"500","typography_line_height":{"unit":"em","size":1,"sizes":[]},"__globals__":{"title_color":"globals\/colors?id=secondary"}},"elements":[],"isInner":false,"widgetType":"heading","elType":"widget"}],"isInner":false,"elType":"container"},{"id":"7878770d","settings":{"padding":{"unit":"px","top":"0","right":"0","bottom":"0","left":"0","isLinked":true},"content_width":"full","width_mobile":{"unit":"%","size":50,"sizes":[]}},"elements":[{"id":"e873334","settings":{"ending_number":4,"title":"","typography_number_typography":"custom","typography_number_font_family":"Barlow Condensed","typography_number_font_size":{"unit":"rem","size":3.5,"sizes":[]},"typography_number_font_weight":"700","typography_number_line_height":{"unit":"em","size":0.7,"sizes":[]},"_flex_align_self":"flex-start","__globals__":{"number_color":"globals\/colors?id=text"}},"elements":[],"isInner":false,"widgetType":"counter","elType":"widget"}],"isInner":false,"elType":"container"}],"isInner":false,"elType":"container"}],"isInner":false,"elType":"container"}],"isInner":false,"elType":"container"},{"id":"53fb9b2e","settings":{"flex_gap":{"unit":"px","size":15,"sizes":[]},"padding":{"unit":"px","top":"0","right":"0","bottom":"0","left":"0","isLinked":true},"_title":"Container Honors"},"elements":[{"id":"7ab6a71d","settings":{"title":"Honours","size":"large","header_size":"h3","_flex_size":"shrink","__globals__":{"title_color":"globals\/colors?id=text"},"typography_typography":"custom","typography_font_family":"Barlow Condensed","typography_font_size":{"unit":"rem","size":1.5,"sizes":[]},"typography_font_weight":"600","typography_line_height":{"unit":"em","size":1,"sizes":[]}},"elements":[],"isInner":false,"widgetType":"heading","elType":"widget"},{"id":"5639524","settings":{"flex_gap":{"unit":"px","size":12,"sizes":[]},"padding":{"unit":"px","top":"30","right":"30","bottom":"30","left":"30","isLinked":true},"background_background":"classic","__globals__":{"background_color":"globals\/colors?id=915d6c4"},"min_height":{"unit":"px","size":358,"sizes":[]},"padding_tablet":{"unit":"px","top":"20","right":"20","bottom":"20","left":"20","isLinked":true},"padding_mobile":{"unit":"%","top":"15","right":"15","bottom":"15","left":"15","isLinked":true},"_title":"Box"},"elements":[{"id":"6899e427","settings":{"flex_direction":"row","flex_gap":{"unit":"px","size":15,"sizes":[]},"margin":{"unit":"px","top":"0","right":"0","bottom":"20","left":"0","isLinked":false},"padding":{"unit":"px","top":"0","right":"0","bottom":"0","left":"0","isLinked":true},"_title":"Trophy"},"elements":[{"id":"2208d37e","settings":{"flex_gap":{"unit":"px","size":5,"sizes":[]},"_element_width":"initial","padding":{"unit":"px","top":"0","right":"0","bottom":"0","left":"0","isLinked":true},"__globals__":{"background_color":""},"content_width":"full","width":{"unit":"%","size":27.498},"_flex_size":"none","_element_width_widescreen":"initial","width_widescreen":{"size":87.836},"width_mobile":{"unit":"%","size":30,"sizes":[]}},"elements":[{"id":"69df87f6","settings":{"image":{"url":"https:\/\/power.themeton.com\/vensica\/wp-content\/uploads\/2023\/03\/icon-league-white-1px.svg","id":3131,"alt":"","source":"library","size":""},"align":"center","_element_width":"initial","_element_custom_width":{"unit":"px","size":72},"_flex_size":"none","width":{"unit":"px","size":72,"sizes":[]},"width_tablet":{"unit":"px","size":"","sizes":[]},"width_mobile":{"unit":"px","size":"","sizes":[]},"css_filters_css_filter":"custom","css_filters_brightness":{"unit":"px","size":20,"sizes":[]},"_element_width_widescreen":"initial","_element_custom_width_widescreen":{"size":81.305}},"elements":[],"isInner":false,"widgetType":"image","elType":"widget"}],"isInner":false,"elType":"container"},{"id":"4ed3daa6","settings":{"content_width":"full","width_mobile":{"unit":"%","size":50,"sizes":[]},"padding":{"unit":"px","top":"0","right":"0","bottom":"0","left":"0","isLinked":true}},"elements":[{"id":"44e953c3","settings":{"ending_number":3,"title":"","typography_number_typography":"custom","typography_number_font_family":"Barlow Condensed","typography_number_font_size":{"unit":"rem","size":3.5,"sizes":[]},"typography_number_font_weight":"700","typography_number_line_height":{"unit":"em","size":0.7,"sizes":[]},"_flex_align_self":"flex-start","__globals__":{"number_color":"globals\/colors?id=text"}},"elements":[],"isInner":false,"widgetType":"counter","elType":"widget"},{"id":"47940d38","settings":{"title":"EUROPEAN<br>\nCUP","header_size":"h3","typography_typography":"custom","typography_font_family":"Barlow Condensed","typography_font_size":{"unit":"rem","size":1.5,"sizes":[]},"typography_font_weight":"600","typography_line_height":{"unit":"em","size":0.9,"sizes":[]},"_element_custom_width":{"unit":"%","size":63,"sizes":[]},"__globals__":{"title_color":"globals\/colors?id=secondary"}},"elements":[],"isInner":false,"widgetType":"heading","elType":"widget"}],"isInner":false,"elType":"container"}],"isInner":false,"elType":"container"},{"id":"3bcb4723","settings":{"flex_direction":"row","flex_align_items":"center","flex_gap":{"unit":"px","size":15,"sizes":[]},"padding":{"unit":"px","top":"0","right":"0","bottom":"0","left":"0","isLinked":true},"_title":"List"},"elements":[{"id":"23c185e","settings":{"title":"3","header_size":"h3","typography_typography":"custom","typography_font_family":"Barlow Condensed","typography_font_size":{"unit":"rem","size":2,"sizes":[]},"typography_font_weight":"700","typography_line_height":{"unit":"em","size":0.8,"sizes":[]},"_element_custom_width":{"unit":"px","size":35,"sizes":[]},"__globals__":{"title_color":"globals\/colors?id=text"},"align":"center","_element_width":"initial"},"elements":[],"isInner":false,"widgetType":"heading","elType":"widget"},{"id":"7a3bb0a9","settings":{"title":"FIFA Club World Cup","header_size":"h3","typography_typography":"custom","typography_font_family":"Barlow Condensed","typography_font_size":{"unit":"rem","size":1.3,"sizes":[]},"typography_font_weight":"600","typography_line_height":{"unit":"em","size":1,"sizes":[]},"_element_custom_width":{"unit":"%","size":63,"sizes":[]},"__globals__":{"title_color":"globals\/colors?id=text"}},"elements":[],"isInner":false,"widgetType":"heading","elType":"widget"}],"isInner":false,"elType":"container"},{"id":"230437fd","settings":{"flex_direction":"row","flex_align_items":"center","flex_gap":{"unit":"px","size":15,"sizes":[]},"padding":{"unit":"px","top":"0","right":"0","bottom":"0","left":"0","isLinked":true},"_title":"List"},"elements":[{"id":"648f60d0","settings":{"title":"3","header_size":"h3","typography_typography":"custom","typography_font_family":"Barlow Condensed","typography_font_size":{"unit":"rem","size":2,"sizes":[]},"typography_font_weight":"700","typography_line_height":{"unit":"em","size":0.8,"sizes":[]},"_element_custom_width":{"unit":"px","size":35,"sizes":[]},"__globals__":{"title_color":"globals\/colors?id=text"},"align":"center","_element_width":"initial"},"elements":[],"isInner":false,"widgetType":"heading","elType":"widget"},{"id":"69041685","settings":{"title":"European Super Cup","header_size":"h3","typography_typography":"custom","typography_font_family":"Barlow Condensed","typography_font_size":{"unit":"rem","size":1.3,"sizes":[]},"typography_font_weight":"600","typography_line_height":{"unit":"em","size":1,"sizes":[]},"_element_custom_width":{"unit":"%","size":63,"sizes":[]},"__globals__":{"title_color":"globals\/colors?id=text"}},"elements":[],"isInner":false,"widgetType":"heading","elType":"widget"}],"isInner":false,"elType":"container"},{"id":"28649982","settings":{"flex_direction":"row","flex_align_items":"center","flex_gap":{"unit":"px","size":15,"sizes":[]},"padding":{"unit":"px","top":"0","right":"0","bottom":"0","left":"0","isLinked":true},"_title":"List"},"elements":[{"id":"74aefd92","settings":{"title":"4","header_size":"h3","typography_typography":"custom","typography_font_family":"Barlow Condensed","typography_font_size":{"unit":"rem","size":2,"sizes":[]},"typography_font_weight":"700","typography_line_height":{"unit":"em","size":0.8,"sizes":[]},"_element_custom_width":{"unit":"px","size":35,"sizes":[]},"__globals__":{"title_color":"globals\/colors?id=text"},"align":"center","_element_width":"initial"},"elements":[],"isInner":false,"widgetType":"heading","elType":"widget"},{"id":"543944d3","settings":{"title":"Laliga","header_size":"h3","typography_typography":"custom","typography_font_family":"Barlow Condensed","typography_font_size":{"unit":"rem","size":1.3,"sizes":[]},"typography_font_weight":"600","typography_line_height":{"unit":"em","size":1,"sizes":[]},"_element_custom_width":{"unit":"%","size":63,"sizes":[]},"__globals__":{"title_color":"globals\/colors?id=text"}},"elements":[],"isInner":false,"widgetType":"heading","elType":"widget"}],"isInner":false,"elType":"container"},{"id":"2804d510","settings":{"flex_direction":"row","flex_align_items":"center","flex_gap":{"unit":"px","size":15,"sizes":[]},"padding":{"unit":"px","top":"0","right":"0","bottom":"0","left":"0","isLinked":true},"_title":"List"},"elements":[{"id":"252a128","settings":{"title":"1","header_size":"h3","typography_typography":"custom","typography_font_family":"Barlow Condensed","typography_font_size":{"unit":"rem","size":2,"sizes":[]},"typography_font_weight":"700","typography_line_height":{"unit":"em","size":0.8,"sizes":[]},"_element_custom_width":{"unit":"px","size":35,"sizes":[]},"__globals__":{"title_color":"globals\/colors?id=text"},"align":"center","_element_width":"initial"},"elements":[],"isInner":false,"widgetType":"heading","elType":"widget"},{"id":"154f7761","settings":{"title":"World Cup","header_size":"h3","typography_typography":"custom","typography_font_family":"Barlow Condensed","typography_font_size":{"unit":"rem","size":1.3,"sizes":[]},"typography_font_weight":"600","typography_line_height":{"unit":"em","size":1,"sizes":[]},"_element_custom_width":{"unit":"%","size":63,"sizes":[]},"__globals__":{"title_color":"globals\/colors?id=text"}},"elements":[],"isInner":false,"widgetType":"heading","elType":"widget"}],"isInner":false,"elType":"container"}],"isInner":false,"elType":"container"}],"isInner":false,"elType":"container"}],"isInner":false,"elType":"container"},{"id":"31dca95b","settings":{"_title":"Space","padding":{"unit":"px","top":"0","right":"0","bottom":"0","left":"0","isLinked":true}},"elements":[{"id":"81a36ea","settings":{"space_tablet":{"unit":"px","size":20,"sizes":[]},"space_mobile":{"unit":"px","size":10,"sizes":[]},"_title":"Spacer 50\/20\/10"},"elements":[],"isInner":false,"widgetType":"spacer","elType":"widget"}],"isInner":false,"elType":"container"},{"id":"56fe4eba","settings":{"flex_direction":"row","flex_gap":{"unit":"px","size":0},"_title":"Bio"},"elements":[{"id":"7cdf69d0","settings":{"flex_direction":"column","content_width":"full","width":{"unit":"%","size":18},"padding":{"unit":"px","top":"0","right":"0","bottom":"0","left":"0","isLinked":true}},"elements":[{"id":"7e0864c","settings":{"title":"Biography","size":"large","header_size":"h3","_flex_size":"shrink","__globals__":{"title_color":"globals\/colors?id=text"},"typography_typography":"custom","typography_font_family":"Barlow Condensed","typography_font_size":{"unit":"rem","size":1.5,"sizes":[]},"typography_font_weight":"600","typography_line_height":{"unit":"em","size":1,"sizes":[]},"_margin":{"unit":"px","top":"0","right":"0","bottom":"15","left":"0","isLinked":false}},"elements":[],"isInner":false,"widgetType":"heading","elType":"widget"}],"isInner":false,"elType":"container"},{"id":"404ba5d7","settings":{"flex_direction":"column","content_width":"full","width":{"unit":"%","size":82},"padding":{"unit":"px","top":"0","right":"0","bottom":"0","left":"0","isLinked":true}},"elements":[{"id":"610c57cf","settings":{"editor":"<p>Mathis spent eight seasons in Spain and he is a regular with Spain. Just two months before the World Cup, he sat at home, hoping that his country's coach would recall him and offer him a starting spot.<\/p><p>He studied for one year in France and one year in the United States. Mathis was a member of Italian youth teams and the senior national team. Many of his teammates are from his native Colombia.<\/p><p>He became a soccer player in London. Mathis has played for the Italian team Fiorentina for four years, before being bought by SC Lanzerote. In 2000, he went to the United States and played for United States Soccer League (USSL) club,<\/p><p>FC Gold Pride, from 2001 to 2003.<br \/>In 2005, he was signed by Italian soccer team Fiorentina. Mathis retired from soccer at the end of 2013, when she moved to Switzerland.<\/p>","text_columns":"2","align":"left","typography_typography":"custom","typography_font_family":"Roboto","typography_font_size":{"unit":"rem","size":1,"sizes":[]},"typography_font_weight":"400","typography_line_height":{"unit":"em","size":1.5,"sizes":[]},"typography_line_height_tablet":{"unit":"px","size":"","sizes":[]},"typography_line_height_mobile":{"unit":"px","size":"","sizes":[]},"custom_css":"selector p {\n    margin-bottom: 1em;\n}","text_columns_mobile":"1"},"elements":[],"isInner":false,"widgetType":"text-editor","elType":"widget"}],"isInner":false,"elType":"container"}],"isInner":false,"elType":"container"},{"id":"ebb9511","settings":{"_title":"Related players"},"elements":[{"id":"4fce24c0","settings":{"template_id":"4578","pagination_page_limit":"5","pagination_prev_label":"Previous","pagination_next_label":"Next","text":"Load More","load_more_no_posts_custom_message":"No more posts to show","posts_per_page":3,"post_query_post_type":"related","post_query_exclude":["current_post"],"column_gap":{"unit":"px","size":15,"sizes":[]},"columns_tablet":3,"column_gap_tablet":{"unit":"px","size":10,"sizes":[]},"row_gap":{"unit":"px","size":5,"sizes":[]}},"elements":[],"isInner":false,"widgetType":"loop-grid","elType":"widget"}],"isInner":false,"elType":"container"},{"id":"4e8de0f0","settings":{"_title":"Space","padding":{"unit":"px","top":"0","right":"0","bottom":"0","left":"0","isLinked":true}},"elements":[{"id":"51dff0e9","settings":{"space_tablet":{"unit":"px","size":20,"sizes":[]},"space_mobile":{"unit":"px","size":10,"sizes":[]},"_title":"Spacer 50\/20\/10"},"elements":[],"isInner":false,"widgetType":"spacer","elType":"widget"}],"isInner":false,"elType":"container"}],"settings":{"eael_ext_toc_title":"Table of Contents","preview_type":"single\/wpcm_player","preview_id":"","preview_search_term":"","custom_css":"selector .vensica-page-title {\n    display: none;\n}"},"metadata":[]}